{
    "Author": "bud",
    "Description": "Amidst the vivid planes of League’s virtual fray,\nWhere battles rage and souls entangle in the dance,\nA haunting addiction lurks, its tendrils seek to sway,\nAs players yearn for triumph’s fleeting glance.\nIn these pixelated skies, where victories and defeats collide,\nA siren’s call ignites, an insatiable thirst for more,\nAs players fall prey to the lure of the virtual tide,\nLost in the pursuit, consumed by this digital lore.\nThe screen becomes a mirror, reflecting human plight,\nAs battles waged on monitors reflect wars beyond the skies,\nWhere hatred festers between players, with bitter spite,\nAs the camaraderie of gaming breaks, and alliances demise.\nIn these ethereal arenas, where avatars clash and vie,\nEchoes of human frailties reverberate loud and clear,\nAddiction grips the heart, as in the real world’s high,\nThe lines between the realms fade, both dark and sincere.\nIn the battles fought, a reflection of the world outside,\nWhere hatred seeps through borders, entwined in strife,\nAs animosities flare, and alliances subside,\nA somber reminder of the darker shades of life.",
    "Heart": "",
    "Home": "",
    "Name": "Dichromatic Sett",
    "Version": "1.2"
}
